Date,Rainfall_Simignano,Rainfall_Siena_Poggio_al_Vento,Rainfall_Mensano,Rainfall_Montalcinello,Rainfall_Monticiano_la_Pineta,Rainfall_Sovicille,Rainfall_Ponte_Orgia,Rainfall_Scorgiano,Rainfall_Pentolina,Rainfall_Monteroni_Arbia_Biena,Depth_to_Groundwater_Podere_Casetta,Depth_to_Groundwater_Pozzo_1,Depth_to_Groundwater_Pozzo_3,Depth_to_Groundwater_Pozzo_4,Temperature_Siena_Poggio_al_Vento,Temperature_Mensano,Temperature_Pentolina,Temperature_Monteroni_Arbia_Biena,Volume_Pozzo_1,Volume_Pozzo_3,Volume_Pozzo_4
23/11/2017,0.0,0.0,0.0,0.0,0.0,0.0,0.0,0.4,0.0,0.0,-8.2,-10.1,-9.0,-12.2,12.3,11.4,11.15,11.3,-222.90624,-136.9056,-227.96832
24/11/2017,0.2,0.0,0.2,0.4,0.2,0.2,0.2,0.0,0.2,0.2,-8.2,-10.5,-8.4,-12.0,12.2,11.2,11.9,10.65,-222.90624,-136.9056,-227.96832
25/11/2017,0.0,0.0,0.0,0.0,0.0,0.0,0.0,0.0,0.2,0.0,-8.2,-10.2,-9.8,-12.1,12.55,13.05,12.4,13.0,-222.90624,-136.9056,-227.96832
26/11/2017,0.0,0.0,0.4,0.0,0.0,0.0,0.0,0.2,0.0,0.0,-8.2,-10.2,-9.1,-12.1,7.75,6.85,7.05,7.1,-211.76092799999998,-130.06032,-216.569904
27/11/2017,0.2,0.6,0.0,0.0,0.2,0.0,0.2,0.6,0.0,0.0,-8.2,-10.3,-8.8,-12.2,6.15,4.9,4.25,3.6,-222.90624,-136.9056,-227.96832
28/11/2017,0.0,0.0,0.0,0.0,0.0,0.0,0.0,0.0,0.0,0.0,-8.2,-10.2,-10.3,-12.0,3.7,5.05,4.1,1.9,-222.90624,-136.9056,-227.96832
29/11/2017,2.6,2.0,0.8,2.4,12.6,3.0,3.2,1.2,4.2,6.0,-8.2,-10.1,-10.6,-12.0,7.55,8.6,7.85,8.35,-222.90624,-136.9056,-227.96832
30/11/2017,18.0,14.8,23.8,24.2,22.0,19.8,22.4,20.6,24.0,19.4,-8.2,-10.2,-10.6,-12.0,6.25,5.3,5.85,5.15,-222.90624,-136.9056,-227.96832
01/12/2017,0.6,0.4,1.6,1.8,0.4,0.8,0.4,0.2,0.4,0.4,-8.3,-10.1,-10.6,-12.0,3.95,3.65,3.35,3.6,-183.5231301,-188.82760459999997,-188.87885119999999
02/12/2017,0.8,1.0,1.0,1.2,0.0,0.6,0.4,0.4,1.2,0.2,-8.3,-7.2,-9.5,-12.0,5.35,4.0,4.3,4.65,-183.5231301,-188.82760459999997,-188.87885119999999
03/12/2017,0.0,0.0,0.0,0.0,0.2,0.0,0.2,0.0,0.0,0.0,-8.3,-10.0,-8.9,-12.1,5.35,3.1,3.2,3.65,-174.3469736,-179.3862243,-179.4349086
04/12/2017,0.0,0.0,0.0,0.0,0.0,0.0,0.0,0.0,0.0,0.0,-8.3,-10.0,-8.8,-12.1,5.0,4.25,3.55,3.75,-183.5231301,-188.82760459999997,-188.87885119999999
05/12/2017,0.2,0.0,0.0,0.0,0.0,0.0,0.2,0.0,0.0,0.2,-8.3,-10.0,-8.8,-12.0,6.95,7.9,6.4,3.8,-183.5231301,-188.82760459999997,-188.87885119999999
06/12/2017,0.4,0.0,0.2,0.0,0.2,0.2,0.0,0.0,0.4,0.0,-8.3,-10.0,-8.7,-12.1,6.85,8.15,6.7,4.95,-183.5231301,-188.82760459999997,-188.87885119999999
07/12/2017,0.0,0.0,0.0,0.2,0.2,0.2,0.4,0.0,0.0,0.2,-8.3,-10.0,-8.8,-12.0,6.9,7.85,7.1,5.05,-183.5231301,-188.82760459999997,-188.87885119999999
08/12/2017,1.4,0.6,1.4,0.2,0.0,2.2,1.0,0.6,0.6,0.8,-8.3,-10.0,-8.8,-12.1,8.75,10.05,8.5,6.1,-183.5231301,-188.82760459999997,-188.87885119999999
09/12/2017,1.6,1.2,0.8,1.2,2.8,0.6,0.4,1.4,1.2,2.0,-8.3,-10.0,-8.9,-12.1,3.8,3.95,2.9,3.05,-183.5231301,-188.82760459999997,-188.87885119999999
10/12/2017,0.0,0.0,0.0,0.0,0.0,0.0,0.0,0.0,0.0,0.0,-8.3,-10.0,-9.3,-12.1,4.5,5.55,4.1,3.2,-174.3469736,-179.3862243,-179.4349086
11/12/2017,10.4,3.0,3.0,10.2,24.2,10.0,6.0,2.4,15.0,2.4,-8.2,-10.0,-9.1,-12.0,12.4,12.95,11.8,14.2,-183.5231301,-188.82760459999997,-188.87885119999999
12/12/2017,9.4,3.6,13.8,10.2,5.6,4.0,6.2,7.8,3.0,3.4,-8.3,-10.0,-8.7,-12.0,10.6,10.7,9.75,11.8,-183.5231301,-188.82760459999997,-188.87885119999999
13/12/2017,14.4,15.6,12.0,11.4,17.2,14.4,15.2,13.8,14.8,16.8,-8.3,-10.0,-8.6,-12.1,8.15,8.2,8.15,8.65,-183.5231301,-188.82760459999997,-188.87885119999999
14/12/2017,1.2,3.4,0.6,1.8,1.0,3.2,1.8,1.4,1.4,0.8,-8.3,-10.0,-8.9,-12.0,9.3,10.1,8.6,9.8,-183.5231301,-188.82760459999997,-188.87885119999999
15/12/2017,1.4,2.4,0.6,0.4,0.2,0.6,0.2,2.2,0.4,0.6,-8.3,-10.0,-9.0,-12.0,9.3,9.7,8.85,8.55,-183.5231301,-188.82760459999997,-188.87885119999999
16/12/2017,5.2,5.2,8.8,4.2,12.0,4.4,4.8,21.2,4.0,13.2,-8.3,-10.0,-9.2,-12.0,5.1,6.0,5.1,4.85,-183.5231301,-188.82760459999997,-188.87885119999999
17/12/2017,2.8,13.0,0.8,1.0,11.8,6.8,15.2,3.0,12.2,9.0,-8.3,-10.0,-9.2,-12.0,5.55,4.55,3.6,3.75,-174.3469736,-179.3862243,-179.4349086
18/12/2017,0.0,0.0,0.0,0.0,1.6,0.0,0.2,0.6,0.4,0.2,-8.3,-10.0,-9.5,-12.1,2.9,4.15,2.45,1.8,-183.5231301,-188.82760459999997,-188.87885119999999
19/12/2017,0.0,0.0,0.0,0.0,0.0,0.2,0.2,0.2,0.0,0.0,-8.3,-10.0,-8.8,-12.0,3.4,2.6,1.95,0.75,-183.5231301,-188.82760459999997,-188.87885119999999
20/12/2017,0.0,0.0,0.0,0.2,0.0,0.0,0.2,0.0,0.0,0.2,-8.3,-10.0,-8.9,-12.0,3.65,2.6,2.5,2.35,-183.5231301,-188.82760459999997,-188.87885119999999
21/12/2017,0.0,0.0,0.0,0.0,0.0,0.0,0.0,0.0,0.0,0.2,-8.3,-10.0,-9.0,-12.0,4.75,3.15,2.8,2.15,-183.5231301,-188.82760459999997,-188.87885119999999
22/12/2017,0.0,0.0,0.0,0.0,0.0,0.0,0.0,0.0,0.0,0.0,-8.3,-10.0,-9.4,-12.0,6.25,6.5,7.25,3.85,-183.5231301,-188.82760459999997,-188.87885119999999
23/12/2017,0.0,0.0,0.0,0.0,0.0,0.0,0.2,0.0,0.0,0.0,-8.3,-10.0,-9.4,-12.1,10.2,9.75,8.95,4.45,-183.5231301,-188.82760459999997,-188.87885119999999
24/12/2017,0.0,0.0,0.0,0.0,0.0,0.0,0.2,0.2,0.0,0.2,-8.3,-10.0,-9.1,-12.0,7.6,7.95,7.45,4.45,-174.3469736,-179.3862243,-179.4349086
25/12/2017,0.0,0.0,0.0,0.0,0.0,0.0,0.0,0.0,0.0,0.0,-8.3,-10.0,-9.4,-12.0,9.1,9.6,8.8,8.9,-183.5231301,-188.82760459999997,-188.87885119999999
26/12/2017,0.0,0.0,0.0,0.0,0.2,0.0,0.0,0.0,0.0,0.0,-8.3,-10.0,-9.8,-12.1,8.9,10.0,8.7,9.45,-183.5231301,-188.82760459999997,-188.87885119999999
27/12/2017,11.8,5.6,4.2,15.4,10.2,5.8,5.8,4.4,8.0,4.6,-8.2,-10.0,-9.8,-12.1,7.55,8.15,6.9,8.95,-183.5231301,-188.82760459999997,-188.87885119999999
28/12/2017,40.8,19.4,26.2,31.6,35.0,28.2,28.0,19.2,30.4,20.0,-8.2,-10.0,-9.6,-12.1,3.7,3.75,3.2,4.4,-183.5231301,-188.82760459999997,-188.87885119999999
29/12/2017,0.8,2.4,0.4,1.6,4.8,0.4,0.4,1.8,2.6,1.0,-8.3,-10.0,-9.1,-12.0,5.3,4.5,4.25,4.15,-183.5231301,-188.82760459999997,-188.87885119999999
30/12/2017,1.2,0.6,1.6,0.4,0.0,1.2,0.6,0.0,0.4,0.2,-8.3,-10.0,-9.2,-12.1,3.9,6.6,4.4,4.1,-183.5231301,-188.82760459999997,-188.87885119999999
31/12/2017,1.6,1.0,1.2,1.2,0.6,2.0,1.8,0.8,2.0,1.2,-8.3,-10.0,-9.6,-12.0,8.45,10.4,9.15,8.0,-174.3469736,-179.3862243,-179.4349086
01/01/2018,3.0,0.6,1.6,3.4,1.4,0.6,0.4,0.8,1.2,0.2,-8.3,-10.0,-8.7,-12.0,9.35,10.05,9.8,8.6,-188.2917627,-204.5612154,-188.06519880000002
02/01/2018,6.2,7.0,8.4,6.0,5.4,8.2,8.0,9.6,7.6,5.8,-8.3,-10.0,-9.3,-12.1,9.8,9.15,9.0,6.9,-188.2917627,-204.5612154,-188.06519880000002
03/01/2018,0.0,0.0,0.2,0.0,0.2,0.0,0.0,0.0,0.2,0.2,-8.3,-10.0,-8.9,-12.0,8.55,9.75,8.85,7.05,-188.2917627,-204.5612154,-188.06519880000002
04/01/2018,0.0,0.2,2.2,4.0,0.0,0.0,0.0,0.2,0.0,0.4,-8.3,-10.0,-9.3,-12.0,9.15,10.05,8.8,4.85,-188.2917627,-204.5612154,-188.06519880000002
05/01/2018,0.8,1.2,0.4,0.2,1.0,1.4,1.4,0.8,1.0,0.8,-8.3,-10.0,-9.7,-12.1,9.4,11.7,10.15,7.5,-188.2917627,-204.5612154,-188.06519880000002
06/01/2018,0.2,0.0,0.0,0.0,0.0,0.0,0.2,0.0,0.2,0.2,-8.3,-10.0,-9.2,-12.0,10.65,11.1,10.25,9.35,-188.2917627,-204.5612154,-188.06519880000002
07/01/2018,0.0,0.0,0.0,0.0,0.2,0.2,0.2,0.0,0.0,0.2,-8.3,-10.0,-9.6,-12.0,12.5,11.75,11.15,10.05,-178.87717460000002,-194.33315459999997,-178.6619388
08/01/2018,0.0,0.0,0.0,0.0,0.0,0.0,0.0,0.0,0.0,0.0,-8.3,-10.0,-9.0,-12.0,14.15,14.1,12.45,10.7,-188.2917627,-204.5612154,-188.06519880000002
09/01/2018,7.4,0.4,4.6,3.2,0.2,0.2,0.4,2.8,4.2,1.4,-8.3,-10.0,-9.1,-12.0,10.2,9.95,9.45,11.45,-188.2917627,-204.5612154,-188.06519880000002
10/01/2018,4.8,4.4,3.6,6.0,5.8,3.8,5.2,9.4,9.2,5.8,-8.3,-10.0,-9.4,-12.0,7.25,8.45,7.6,7.35,-188.2917627,-204.5612154,-188.06519880000002
11/01/2018,1.2,0.0,0.0,0.6,4.0,0.2,1.8,0.0,0.4,2.4,-8.3,-10.0,-9.2,-12.0,6.45,5.9,5.45,7.25,-188.2917627,-204.5612154,-188.06519880000002
12/01/2018,9.4,10.0,2.8,1.8,10.6,7.6,9.4,1.4,4.8,13.2,-8.3,-10.0,-8.9,-12.0,7.8,5.9,7.05,7.6,-188.2917627,-204.5612154,-188.06519880000002
13/01/2018,0.0,0.0,0.0,0.0,0.0,0.0,0.0,0.0,0.0,0.0,-8.3,-10.0,-9.0,-12.0,7.3,5.45,6.05,5.2,-188.2917627,-204.5612154,-188.06519880000002
14/01/2018,0.0,0.0,0.0,0.0,0.2,0.0,0.2,0.0,0.0,0.0,-8.3,-10.0,-8.9,-12.0,5.65,4.8,4.35,4.35,-178.87717460000002,-194.33315459999997,-178.6619388
15/01/2018,0.2,0.0,0.0,0.0,0.2,0.0,0.0,0.0,0.2,0.0,-8.3,-10.0,-9.1,-12.0,6.5,6.05,4.6,4.6,-188.2917627,-204.5612154,-188.06519880000002
16/01/2018,2.4,1.2,1.8,1.4,0.4,2.4,2.0,2.8,1.2,2.2,-8.3,-10.0,-9.5,-12.0,9.35,9.95,8.95,7.6,-188.2917627,-204.5612154,-188.06519880000002
17/01/2018,2.0,2.6,313.0,14.0,0.2,1.2,0.4,3.6,0.8,1.6,-8.3,-10.0,-9.4,-12.0,9.25,7.95,7.9,7.6,-188.2917627,-204.5612154,-188.06519880000002
18/01/2018,0.0,0.0,29.8,1.6,0.0,0.0,0.0,0.0,0.0,0.0,-8.3,-10.0,-9.1,-11.9,6.45,6.5,5.65,4.15,-188.2917627,-204.5612154,-188.06519880000002
19/01/2018,0.0,0.0,0.0,0.0,0.0,0.0,0.0,0.0,0.0,0.0,-8.3,-10.0,-9.1,-11.9,7.8,9.05,7.4,5.3,-188.2917627,-204.5612154,-188.06519880000002
20/01/2018,0.0,0.0,0.0,0.0,0.0,0.2,0.0,0.0,0.0,0.0,-8.3,-10.0,-9.2,-11.9,8.6,8.15,7.85,6.5,-188.2917627,-204.5612154,-188.06519880000002
21/01/2018,5.6,2.8,5.4,3.0,2.6,4.4,2.6,5.4,3.0,1.2,-8.3,-10.0,-9.1,-12.0,10.5,10.05,9.95,8.7,-178.87717460000002,-194.33315459999997,-178.6619388
22/01/2018,0.0,0.0,0.0,0.0,0.0,0.2,0.4,0.0,0.0,0.2,-8.3,-10.0,-9.2,-12.0,7.0,6.55,5.2,4.1,-188.2917627,-204.5612154,-188.06519880000002
23/01/2018,0.0,0.0,0.0,0.0,0.0,0.0,0.0,0.0,0.0,0.0,-8.3,-10.0,-9.2,-11.9,10.9,10.15,9.75,8.25,-188.2917627,-204.5612154,-188.06519880000002
24/01/2018,0.0,0.0,0.0,0.0,0.0,0.0,0.0,0.0,0.0,0.0,-8.4,-10.0,-8.9,-11.9,9.55,9.05,8.7,6.7,-188.2917627,-204.5612154,-188.06519880000002
25/01/2018,0.2,0.0,0.2,0.0,0.2,0.0,0.2,0.0,0.2,0.2,-8.4,-10.0,-9.0,-11.9,8.35,8.8,7.95,7.05,-188.2917627,-204.5612154,-188.06519880000002
26/01/2018,0.0,0.0,0.0,0.0,0.0,0.2,0.2,0.0,0.0,0.2,-8.4,-10.0,-9.2,-11.9,7.35,8.1,6.55,5.8,-188.2917627,-204.5612154,-188.06519880000002
27/01/2018,0.2,0.0,0.0,1.2,0.2,0.0,0.0,0.0,0.4,0.0,-8.4,-10.0,-9.0,-11.9,11.75,10.6,10.55,9.1,-188.2917627,-204.5612154,-188.06519880000002
28/01/2018,0.2,0.0,0.0,0.2,0.2,0.2,0.2,0.0,0.0,0.0,-8.4,-10.0,-9.0,-11.9,11.25,10.3,9.9,8.35,-178.87717460000002,-194.33315459999997,-178.6619388
29/01/2018,0.0,0.0,0.0,0.0,0.2,0.0,0.2,0.0,0.4,0.2,-8.4,-10.0,-9.3,-11.9,10.35,9.9,9.05,7.55,-188.2917627,-204.5612154,-188.06519880000002
30/01/2018,0.0,0.0,0.0,0.0,0.2,0.0,0.0,0.0,0.0,0.0,-8.4,-10.0,-9.2,-11.9,8.1,9.05,7.65,6.9,-188.2917627,-204.5612154,-188.06519880000002
31/01/2018,0.0,0.0,0.0,0.0,0.0,0.0,0.2,0.0,0.0,0.0,-8.4,-10.0,-9.4,-11.9,8.2,8.85,8.1,8.95,-188.2917627,-204.5612154,-188.06519880000002
01/02/2018,6.8,1.0,5.2,2.0,0.2,2.6,0.0,8.0,1.2,0.0,-8.4,-10.0,-9.1,-12.0,9.35,8.9,8.3,10.3,-189.5146531,-240.031102,-237.3366122
02/02/2018,47.4,35.6,21.8,50.6,61.6,37.0,45.8,29.4,41.0,38.0,-8.3,-10.0,-9.2,-12.0,7.85,6.85,7.2,9.9,-189.5146531,-240.031102,-237.3366122
03/02/2018,33.2,31.6,26.4,33.0,31.0,38.2,34.2,11.2,42.8,28.4,-8.3,-10.0,-9.2,-11.9,3.7,2.1,2.8,4.75,-189.5146531,-240.031102,-237.3366122
04/02/2018,2.8,1.2,2.8,2.2,4.0,1.2,0.8,0.0,1.4,3.4,-8.3,-10.0,-8.9,-11.9,2.85,2.95,2.75,3.7,-180.03892040000002,-228.0295469,-225.4697816
05/02/2018,0.2,0.0,0.0,0.0,0.2,0.0,0.0,0.0,0.2,0.2,-8.3,-10.0,-8.9,-11.9,6.6,6.7,5.85,5.45,-189.5146531,-240.031102,-237.3366122
06/02/2018,0.0,1.0,0.2,0.0,0.0,0.0,0.2,0.0,0.0,0.0,-8.3,-10.0,-8.9,-11.9,5.6,4.7,4.05,4.55,-189.5146531,-240.031102,-237.3366122
07/02/2018,8.0,5.2,4.4,6.8,9.4,7.0,8.2,4.8,7.4,5.8,-8.3,-10.0,-9.0,-12.0,6.0,4.25,4.9,5.95,-189.5146531,-240.031102,-237.3366122
08/02/2018,4.2,2.2,3.0,3.0,4.8,3.2,3.2,3.2,3.6,3.4,-8.3,-10.0,-9.0,-12.0,6.3,5.65,4.85,5.6,-189.5146531,-240.031102,-237.3366122
09/02/2018,0.4,0.4,0.4,0.2,0.2,0.2,0.6,0.0,0.2,0.2,-8.3,-10.0,-9.1,-12.0,6.65,6.1,5.05,5.5,-189.5146531,-240.031102,-237.3366122
10/02/2018,0.0,0.0,0.0,0.4,0.2,0.2,0.4,0.2,0.2,0.0,-8.3,-10.0,-9.1,-12.0,6.95,5.6,5.6,4.7,-189.5146531,-240.031102,-237.3366122
11/02/2018,0.0,0.0,0.0,0.0,0.0,0.0,0.0,0.0,0.0,0.2,-8.3,-10.0,-9.0,-12.0,6.15,5.05,4.85,3.75,-180.03892040000002,-228.0295469,-225.4697816
12/02/2018,0.0,0.0,0.0,0.0,0.0,0.0,0.0,0.0,0.0,0.0,-8.2,-10.2,-8.8,-12.0,5.2,4.65,4.6,4.4,-189.5146531,-240.031102,-237.3366122
13/02/2018,4.4,4.4,3.0,1.2,0.4,2.6,3.2,6.0,1.8,1.8,-8.3,-10.0,-9.9,-11.9,4.45,2.55,2.95,3.55,-189.5146531,-240.031102,-237.3366122
14/02/2018,0.2,0.0,0.0,0.0,0.0,0.0,0.0,0.0,0.0,0.0,-8.3,-10.1,-9.1,-11.9,4.65,3.3,2.95,3.25,-189.5146531,-240.031102,-237.3366122
15/02/2018,0.0,0.0,0.0,0.0,0.0,0.0,0.0,0.0,0.0,0.2,-8.3,-10.1,-8.9,-12.0,4.85,3.85,3.8,3.0,-189.5146531,-240.031102,-237.3366122
16/02/2018,0.0,0.0,0.0,0.0,0.0,0.0,0.0,0.0,0.0,0.0,-8.3,-10.1,-8.8,-12.0,4.8,6.8,6.0,3.55,-189.5146531,-240.031102,-237.3366122
17/02/2018,0.0,0.0,0.0,0.0,0.0,0.0,0.0,0.0,0.0,0.0,-8.3,-10.0,-9.0,-12.0,6.85,7.9,7.3,4.65,-189.5146531,-240.031102,-237.3366122
18/02/2018,32.0,24.0,31.8,15.4,27.2,26.8,15.2,38.8,19.0,22.8,-8.3,-10.3,-8.7,-11.9,6.6,6.95,6.35,8.3,-180.03892040000002,-228.0295469,-225.4697816
19/02/2018,4.6,4.4,2.0,3.4,7.4,6.8,5.8,2.8,7.2,12.4,-8.2,-10.2,-9.0,-12.0,4.65,3.1,3.7,4.9,-189.5146531,-240.031102,-237.3366122
20/02/2018,0.0,0.0,0.0,0.0,0.0,0.0,0.0,0.0,0.0,0.0,-8.2,-10.1,-9.1,-12.1,3.9,2.65,2.75,3.7,-189.5146531,-240.031102,-237.3366122
21/02/2018,0.2,0.0,0.0,0.0,0.0,0.2,0.2,0.0,0.2,0.0,-8.2,-4.9,-8.8,-11.9,4.45,3.85,3.6,5.4,-189.5146531,-240.031102,-237.3366122
24/02/2018,9.2,8.6,8.2,7.0,4.8,10.6,11.6,16.6,13.2,3.6,-8.2,-3.4,-8.6,-12.0,7.65,7.1,6.75,8.7,-189.5146531,-240.031102,-237.3366122
25/02/2018,2.0,0.4,0.2,0.8,1.2,0.2,0.6,0.0,1.2,0.2,-8.2,-10.2,-9.2,-12.0,1.25,0.75,0.0,2.45,-180.03892040000002,-228.0295469,-225.4697816
26/02/2018,4.0,1.4,1.0,1.4,2.0,3.6,3.8,0.0,0.6,1.8,-8.2,-10.1,-9.1,-12.0,-3.55,-5.25,-4.8,-3.0,-189.5146531,-240.031102,-237.3366122
27/02/2018,7.2,2.2,2.8,5.6,3.8,4.8,4.0,0.8,5.6,0.0,-8.2,-3.8,-8.9,-12.0,-3.1,-4.3,-4.45,-3.35,-189.5146531,-240.031102,-237.3366122
04/03/2018,10.4,10.0,0.0,6.0,11.8,10.0,7.2,5.4,6.6,8.6,-8.2,-10.2,-8.9,-11.9,8.55,8.75,8.1,8.9,-186.1396745,-221.7731563,-168.8345457
05/03/2018,10.4,4.4,0.0,6.4,9.0,8.2,10.4,5.2,9.0,5.0,-8.2,-10.0,-8.9,-12.1,7.05,5.9,6.35,7.35,-195.93649950000002,-233.44542769999998,-177.7205744
06/03/2018,12.0,12.2,0.0,9.6,12.8,15.2,9.8,5.0,12.8,13.2,-8.1,-10.2,-9.1,-12.0,8.6,7.9,7.75,8.9,-195.93649950000002,-233.44542769999998,-177.7205744
07/03/2018,4.4,2.6,0.0,5.8,6.4,3.8,7.8,8.4,7.0,5.4,-8.1,-10.4,-8.7,-12.1,9.45,9.7,8.8,7.9,-195.93649950000002,-233.44542769999998,-177.7205744
08/03/2018,0.4,0.6,0.2,0.4,3.0,2.6,3.4,0.6,2.8,7.4,-8.1,-10.4,-9.4,-12.1,11.05,10.15,10.15,8.95,-195.93649950000002,-233.44542769999998,-177.7205744
09/03/2018,0.2,0.0,0.0,0.0,0.0,0.0,0.0,0.0,0.0,0.2,-8.1,-10.2,-9.2,-12.1,11.1,10.6,10.4,9.2,-195.93649950000002,-233.44542769999998,-177.7205744
10/03/2018,0.0,0.0,0.0,0.2,0.0,0.0,0.2,0.0,0.2,0.0,-8.1,-10.4,-9.0,-12.1,8.7,9.35,8.6,8.3,-195.93649950000002,-233.44542769999998,-177.7205744
11/03/2018,12.8,8.8,12.8,10.0,7.4,10.2,7.2,13.2,10.4,5.4,-8.1,-10.5,-9.6,-12.1,10.7,11.5,10.35,12.05,-186.1396745,-221.7731563,-168.8345457
12/03/2018,17.2,11.2,25.0,11.6,26.8,8.2,15.8,20.2,16.6,17.4,-8.0,-10.4,-9.4,-15.9,9.65,8.75,9.4,10.65,-195.93649950000002,-233.44542769999998,-177.7205744
13/03/2018,7.0,24.0,24.4,4.2,6.8,10.4,15.2,17.6,17.2,8.0,-8.0,-10.4,-9.3,-18.1,10.2,9.7,9.6,9.35,-195.93649950000002,-233.44542769999998,-177.7205744
14/03/2018,0.0,0.2,0.0,0.0,0.0,0.0,0.0,0.6,0.0,0.0,-8.0,-10.3,-9.2,-18.2,12.35,10.35,10.55,10.5,-195.93649950000002,-233.44542769999998,-177.7205744
15/03/2018,0.2,0.0,0.0,0.0,0.2,0.0,0.0,0.0,0.2,0.2,-8.0,-10.3,-9.0,-18.2,7.9,8.55,7.45,7.0,-195.93649950000002,-233.44542769999998,-177.7205744
16/03/2018,21.0,13.8,12.2,22.6,34.6,16.4,10.8,12.4,20.4,8.2,-7.9,-10.4,-9.2,-18.2,11.6,11.45,11.5,11.7,-195.93649950000002,-233.44542769999998,-177.7205744
17/03/2018,5.6,13.2,2.6,1.4,2.4,3.4,2.4,7.4,2.4,1.8,-7.9,-10.4,-9.2,-18.2,10.0,8.75,9.25,9.0,-195.93649950000002,-233.44542769999998,-177.7205744
18/03/2018,3.4,1.4,4.0,6.6,6.8,2.2,3.6,3.0,6.2,2.4,-7.9,-10.5,-9.3,-18.1,6.35,6.85,5.6,6.1,-186.1396745,-221.7731563,-168.8345457
19/03/2018,19.2,10.2,13.0,13.2,16.2,10.2,11.2,17.8,13.0,8.0,-7.9,-10.5,-9.3,-18.2,5.55,4.7,4.85,6.85,-195.93649950000002,-233.44542769999998,-177.7205744
20/03/2018,3.4,1.8,3.8,2.0,2.2,1.2,0.8,3.6,1.6,3.4,-7.9,-10.6,-9.3,-18.2,6.25,5.3,5.6,7.45,-195.93649950000002,-233.44542769999998,-177.7205744
21/03/2018,14.4,3.2,13.2,18.8,15.4,7.4,11.4,0.2,22.2,7.0,-7.9,-10.6,-10.6,-18.2,3.9,2.1,3.3,4.9,-195.93649950000002,-233.44542769999998,-177.7205744
22/03/2018,0.0,0.0,0.0,0.0,0.0,0.0,0.0,0.0,0.0,0.0,-7.9,-10.8,-9.6,-18.2,4.35,2.75,3.15,3.45,-195.93649950000002,-233.44542769999998,-177.7205744
23/03/2018,0.0,0.0,0.0,0.0,0.0,0.0,0.0,0.0,0.0,0.0,-7.9,-10.7,-9.6,-18.2,5.65,5.3,5.5,5.2,-195.93649950000002,-233.44542769999998,-177.7205744
24/03/2018,0.0,0.0,0.0,0.0,0.0,0.0,0.0,0.0,0.0,0.0,-7.8,-10.8,-9.3,-18.2,7.65,7.1,6.4,4.9,-195.93649950000002,-233.44542769999998,-177.7205744
25/03/2018,0.0,0.0,0.0,0.0,0.0,0.0,0.0,0.0,0.0,0.0,-7.8,-2.8,-9.2,-18.2,7.75,6.8,7.05,5.15,-186.1396745,-221.7731563,-168.8345457
26/03/2018,0.0,0.0,0.0,0.0,0.0,0.0,0.0,0.0,0.0,0.0,-7.8,-5.6,-9.2,-18.2,9.15,8.4,8.6,7.5,-195.93649950000002,-233.44542769999998,-177.7205744
27/03/2018,0.0,0.0,0.0,0.0,0.0,0.0,0.0,0.0,0.0,0.0,-7.8,-10.9,-9.5,-18.2,11.85,10.0,9.85,8.15,-195.93649950000002,-233.44542769999998,-177.7205744
28/03/2018,0.0,3.2,0.0,0.0,0.0,0.0,0.0,0.0,0.0,1.0,-7.8,-10.9,-9.5,-18.2,10.4,10.5,9.95,8.9,-195.93649950000002,-233.44542769999998,-177.7205744
29/03/2018,0.0,0.0,0.0,0.0,0.0,0.0,0.0,0.0,0.0,0.0,-7.8,-10.9,-9.4,-18.2,12.6,12.75,11.45,11.65,-195.93649950000002,-233.44542769999998,-177.7205744
30/03/2018,0.0,0.0,0.0,0.0,0.0,0.0,0.0,0.0,0.0,0.0,-7.8,-10.9,-9.6,-18.2,13.6,13.35,13.1,14.25,-195.93649950000002,-233.44542769999998,-177.7205744
31/03/2018,0.4,2.4,0.2,0.2,0.8,9.0,4.8,0.0,8.0,3.4,-7.8,-11.1,-9.3,-18.1,9.55,9.6,9.05,10.9,-195.93649950000002,-233.44542769999998,-177.7205744
01/04/2018,7.4,5.0,8.4,5.4,9.8,7.2,7.2,5.0,13.4,5.4,-7.8,-10.9,-10.0,-18.2,11.05,10.15,10.1,10.7,-202.998432,-190.359936,-192.69191999999998
02/04/2018,0.0,0.0,0.0,0.0,0.0,0.0,0.0,0.2,0.2,0.0,-7.7,-11.1,-9.6,-18.2,11.5,11.4,10.65,9.85,-213.68256,-200.37888,-202.8336
03/04/2018,0.0,0.0,0.0,0.0,0.0,0.0,0.0,0.0,0.0,0.0,-7.7,-11.0,-9.9,-18.2,12.05,11.25,11.2,11.3,-213.68256,-200.37888,-202.8336
04/04/2018,7.2,7.0,5.8,4.8,5.4,5.4,4.0,7.6,4.6,2.8,-7.7,-11.0,-9.8,-18.2,10.65,11.65,10.75,10.7,-213.68256,-200.37888,-202.8336
05/04/2018,19.0,23.0,12.0,17.6,28.4,15.6,16.6,17.0,22.0,16.0,-7.7,-11.1,-9.5,-18.2,12.85,11.5,12.05,12.05,-213.68256,-200.37888,-202.8336
06/04/2018,0.0,0.2,0.0,1.2,3.4,0.4,0.2,0.2,0.4,2.0,-7.7,-10.9,-9.5,-18.2,14.1,13.45,13.25,12.85,-213.68256,-200.37888,-202.8336
07/04/2018,0.0,0.0,0.0,0.0,0.0,0.2,0.2,0.0,0.0,0.2,-7.7,-11.0,-9.3,-18.2,15.95,15.85,15.6,12.1,-213.68256,-200.37888,-202.8336
08/04/2018,0.0,0.0,0.0,0.0,0.0,0.0,0.0,0.0,0.0,0.0,-7.7,-10.9,-9.4,-18.2,16.35,15.35,15.25,13.35,-202.998432,-190.359936,-192.69191999999998
09/04/2018,13.0,12.4,11.4,11.8,11.0,10.8,12.6,11.4,11.6,10.6,-7.7,-11.0,-9.5,-18.2,11.75,11.2,10.7,12.55,-213.68256,-200.37888,-202.8336
10/04/2018,6.4,8.8,3.6,3.0,9.6,6.0,7.8,5.4,6.8,8.0,-7.7,-10.9,-9.8,-18.2,11.75,10.85,10.8,11.25,-213.68256,-200.37888,-202.8336
11/04/2018,1.4,0.4,2.2,1.4,1.6,0.6,0.4,0.6,1.2,0.0,-7.7,-11.1,-9.5,-18.2,11.75,10.55,10.4,10.95,-213.68256,-200.37888,-202.8336
12/04/2018,0.2,0.2,0.6,1.2,1.0,0.4,0.6,0.4,0.6,0.6,-7.7,-11.0,-9.5,-18.2,13.0,13.3,12.8,13.15,-213.68256,-200.37888,-202.8336
13/04/2018,4.8,5.8,0.0,2.4,4.2,6.4,3.0,0.6,7.2,4.4,-7.7,-10.9,-9.6,-18.2,13.45,12.05,12.05,13.2,-213.68256,-200.37888,-202.8336
14/04/2018,0.0,0.0,0.0,0.0,0.0,0.0,0.2,0.0,0.0,0.2,-7.7,-11.1,-9.6,-18.2,15.4,14.55,14.95,13.15,-213.68256,-200.37888,-202.8336
15/04/2018,0.0,0.0,0.0,0.0,0.0,0.0,0.0,0.2,0.0,0.0,-7.7,-11.1,-9.7,-18.2,16.35,15.3,14.85,14.5,-202.998432,-190.359936,-192.69191999999998
16/04/2018,0.6,0.2,0.2,0.0,0.6,0.4,0.2,0.2,0.4,0.6,-7.7,-11.1,-9.6,-18.2,17.6,15.55,16.25,14.9,-213.68256,-200.37888,-202.8336
17/04/2018,0.0,0.0,0.0,0.0,0.0,0.0,0.0,0.0,0.0,0.0,-7.7,-11.1,-9.9,-18.2,17.45,16.45,16.4,15.35,-213.68256,-200.37888,-202.8336
18/04/2018,2.8,2.8,0.4,1.8,4.6,6.6,9.0,0.0,6.6,4.8,-7.7,-11.1,-9.3,-18.1,17.25,15.5,16.95,15.2,-213.68256,-200.37888,-202.8336
19/04/2018,0.0,0.0,0.0,0.0,0.0,0.0,0.0,0.0,0.0,0.0,-7.7,-11.2,-9.6,-18.2,19.15,16.6,18.55,15.65,-213.68256,-200.37888,-202.8336
20/04/2018,0.0,0.0,0.0,0.0,0.0,0.0,0.2,0.0,0.0,0.0,-7.7,-11.0,-9.6,-18.2,21.05,19.3,20.25,16.95,-213.68256,-200.37888,-202.8336
21/04/2018,0.0,0.0,0.0,0.0,0.0,0.0,0.0,0.0,0.0,0.0,-7.7,-11.1,-9.6,-18.2,21.5,20.1,21.3,16.65,-213.68256,-200.37888,-202.8336
22/04/2018,0.0,0.0,0.0,0.0,0.0,0.0,0.0,0.0,0.0,0.0,-7.7,-11.1,-9.5,-18.2,20.25,18.0,18.8,16.8,-202.998432,-190.359936,-192.69191999999998
23/04/2018,0.0,0.0,0.0,0.0,0.0,0.0,0.0,0.0,0.0,0.0,-7.7,-11.2,-9.5,-18.2,19.45,17.4,18.05,16.15,-213.68256,-200.37888,-202.8336
24/04/2018,0.0,0.0,0.0,0.0,0.0,0.0,0.0,0.0,0.0,0.0,-7.7,-11.2,-9.5,-18.2,18.65,18.5,17.45,16.05,-213.68256,-200.37888,-202.8336
25/04/2018,0.0,0.0,0.0,0.0,0.0,0.0,0.0,0.0,0.0,0.0,-7.6,-11.1,-9.6,-18.2,18.75,17.8,17.35,16.15,-213.68256,-200.37888,-202.8336
26/04/2018,0.0,0.0,0.0,0.0,0.0,0.0,0.0,0.0,0.0,0.0,-7.6,-11.2,-9.7,-18.2,18.45,17.65,17.85,15.8,-213.68256,-200.37888,-202.8336
27/04/2018,0.0,0.0,0.0,0.0,0.0,0.0,0.0,0.0,0.0,0.0,-7.6,-11.3,-9.7,-18.2,19.6,18.85,19.0,16.55,-213.68256,-200.37888,-202.8336
28/04/2018,0.0,0.0,0.0,0.0,0.0,0.0,0.0,0.0,0.0,0.2,-7.6,-11.3,-9.7,-18.2,20.9,20.25,19.75,17.9,-213.68256,-200.37888,-202.8336
29/04/2018,0.0,0.0,0.0,0.0,0.0,0.0,0.0,0.0,0.0,0.0,-7.6,-11.1,-9.5,-18.2,20.15,20.25,20.05,18.25,-202.998432,-190.359936,-192.69191999999998
30/04/2018,0.6,0.0,0.0,0.2,0.0,0.0,0.0,0.4,0.2,0.0,-7.6,-11.2,-9.8,-18.2,16.6,15.2,15.5,15.05,-213.68256,-200.37888,-202.8336
01/05/2018,0.0,0.0,0.0,0.0,0.0,0.0,0.0,0.0,0.0,0.0,-7.6,-11.3,-9.5,-18.2,11.9,11.65,11.0,11.4,-183.352308,-180.5939813,-198.4799501
02/05/2018,32.0,27.2,30.2,34.4,33.6,33.4,32.6,27.6,32.4,24.6,-7.6,-11.4,-9.7,-18.2,14.5,13.25,13.15,15.6,-183.352308,-180.5939813,-198.4799501
03/05/2018,0.0,0.2,0.2,0.2,0.0,0.0,0.2,0.2,0.2,0.4,-7.6,-11.3,-10.0,-18.2,15.8,14.7,14.5,15.75,-183.352308,-180.5939813,-198.4799501
04/05/2018,2.4,0.8,1.8,1.8,3.2,2.0,3.2,2.0,2.2,2.4,-7.6,-11.3,-9.8,-18.2,16.8,15.6,16.35,17.35,-183.352308,-180.5939813,-198.4799501
05/05/2018,36.4,10.6,27.0,16.0,14.4,25.6,16.2,7.0,20.4,16.8,-7.6,-11.3,-9.9,-18.2,18.55,17.4,17.15,18.35,-183.352308,-180.5939813,-198.4799501
06/05/2018,4.2,3.2,8.4,6.6,8.2,6.0,8.8,2.0,12.0,4.4,-7.6,-11.3,-9.8,-18.2,17.65,16.3,16.8,17.7,-174.1846926,-171.56428219999998,-188.5559525
07/05/2018,9.4,0.2,3.2,5.6,6.2,0.2,6.2,0.0,3.4,0.6,-7.6,-11.4,-9.8,-18.2,19.5,18.85,18.8,19.4,-183.352308,-180.5939813,-198.4799501
08/05/2018,4.2,0.2,0.4,2.0,4.4,24.4,5.0,1.0,1.6,3.0,-7.5,-11.3,-10.1,-18.2,19.1,18.4,18.0,19.5,-183.352308,-180.5939813,-198.4799501
09/05/2018,7.2,3.0,3.8,2.6,1.0,2.8,2.4,3.2,3.2,6.0,-7.5,-11.3,-9.9,-18.2,18.45,16.8,16.1,17.7,-183.352308,-180.5939813,-198.4799501
10/05/2018,1.2,5.8,0.0,0.0,18.8,1.0,8.0,0.2,1.2,11.2,-7.5,-11.5,-9.9,-18.2,16.2,16.3,15.15,16.95,-183.352308,-180.5939813,-198.4799501
11/05/2018,5.0,4.8,0.0,4.0,5.8,5.0,0.0,16.6,2.8,0.4,-7.5,-11.3,-9.8,-18.2,18.45,17.3,16.1,17.5,-183.352308,-180.5939813,-198.4799501
12/05/2018,0.0,0.6,0.0,0.2,5.2,2.0,0.2,0.0,0.6,0.0,-7.5,-11.5,-9.5,-18.2,18.3,16.8,16.85,17.0,-183.352308,-180.5939813,-198.4799501
13/05/2018,0.0,0.0,0.0,0.0,0.0,0.0,0.0,0.0,0.0,0.0,-7.5,-11.4,-9.7,-18.2,17.15,15.65,15.6,16.45,-174.1846926,-171.56428219999998,-188.5559525
14/05/2018,12.6,19.6,16.2,16.0,17.4,18.2,19.6,17.2,21.2,12.6,-7.5,-11.4,-10.0,-18.2,12.7,11.7,11.7,12.9,-183.352308,-180.5939813,-198.4799501
15/05/2018,4.0,3.6,4.4,4.8,7.6,6.0,11.0,3.2,3.0,14.8,-7.5,-11.6,-9.9,-18.2,11.2,11.05,10.15,12.0,-183.352308,-180.5939813,-198.4799501
16/05/2018,6.8,4.8,6.6,25.6,13.4,12.8,10.2,3.8,12.6,6.2,-7.5,-11.3,-9.9,-18.2,13.25,13.4,12.65,13.85,-183.352308,-180.5939813,-198.4799501
17/05/2018,1.4,4.4,0.8,3.4,2.4,24.8,5.2,1.4,3.2,1.8,-7.5,-11.6,-9.5,-18.2,14.2,13.35,13.8,14.85,-183.352308,-180.5939813,-198.4799501
18/05/2018,3.2,0.8,5.4,4.6,14.8,1.8,2.4,21.8,2.0,3.0,-7.5,-11.5,-9.8,-18.2,16.35,16.2,15.1,15.7,-183.352308,-180.5939813,-198.4799501
19/05/2018,0.0,0.0,0.0,0.0,0.0,0.0,0.0,0.2,0.0,0.0,-7.5,-11.4,-9.9,-18.2,18.95,18.45,18.3,16.35,-183.352308,-180.5939813,-198.4799501
20/05/2018,0.0,0.0,0.0,0.0,0.0,0.0,0.0,0.0,0.0,0.2,-7.4,-11.5,-9.9,-18.2,20.2,18.6,19.55,17.2,-174.1846926,-171.56428219999998,-188.5559525
21/05/2018,65.6,3.4,22.2,27.0,0.4,28.0,0.2,17.0,11.2,2.6,-7.4,-11.6,-9.9,-18.2,19.2,17.45,18.3,17.95,-183.352308,-180.5939813,-198.4799501
22/05/2018,10.0,25.4,12.4,10.6,10.0,12.2,19.4,13.6,8.8,13.2,-7.4,-11.6,-10.3,-18.2,16.8,16.2,15.25,17.25,-183.352308,-180.5939813,-198.4799501
23/05/2018,2.8,1.4,9.4,11.2,1.4,2.6,1.8,3.8,2.4,0.2,-7.4,-11.6,-10.1,-18.2,19.25,17.4,16.7,18.55,-183.352308,-180.5939813,-198.4799501
24/05/2018,4.0,0.2,14.0,1.2,0.8,0.0,0.0,0.2,3.6,0.0,-7.3,-11.8,-10.0,-18.2,19.95,17.75,17.95,18.25,-183.352308,-180.5939813,-198.4799501
25/05/2018,0.0,0.0,0.4,0.2,0.2,0.0,0.0,0.0,0.2,0.0,-7.3,-11.7,-9.8,-18.2,21.75,19.65,19.2,19.9,-183.352308,-180.5939813,-198.4799501
26/05/2018,0.0,0.0,0.0,0.0,0.0,0.0,0.0,0.2,0.0,0.2,-7.3,-11.5,-10.3,-18.2,23.3,21.95,21.8,21.1,-183.352308,-180.5939813,-198.4799501
27/05/2018,0.0,0.0,0.0,0.0,0.0,0.0,0.0,0.0,0.0,0.0,-7.3,-11.5,-10.2,-18.2,23.35,22.6,22.65,21.85,-174.1846926,-171.56428219999998,-188.5559525
28/05/2018,0.0,4.0,0.0,0.0,0.0,0.0,0.0,0.0,0.0,0.2,-7.3,-11.6,-10.1,-18.2,21.65,20.7,20.85,21.05,-183.352308,-180.5939813,-198.4799501
29/05/2018,0.0,0.0,0.2,0.0,0.0,0.0,0.0,0.2,0.0,0.0,-7.3,-11.5,-10.3,-11.0,22.75,21.65,21.45,21.8,-183.352308,-180.5939813,-198.4799501
30/05/2018,0.0,0.0,0.0,0.0,0.0,0.0,0.0,0.2,0.0,0.0,-7.3,-11.7,-10.0,-12.5,20.9,21.05,20.85,19.9,-183.352308,-180.5939813,-198.4799501
31/05/2018,2.2,1.4,2.0,7.8,3.0,2.4,2.2,1.8,3.0,1.2,-7.3,-11.7,-10.2,-13.0,22.0,19.9,19.55,19.3,-183.352308,-180.5939813,-198.4799501
01/06/2018,0.0,0.0,0.0,0.0,0.0,0.0,0.0,0.0,0.2,0.0,-7.3,-11.5,-10.1,-12.9,21.2,18.95,19.1,18.6,-251.78304,-261.8496,-85.15584
02/06/2018,0.0,0.0,0.0,0.0,0.2,0.0,0.0,0.2,0.0,0.2,-7.3,-11.7,-10.2,-12.9,21.05,19.55,19.5,19.15,-251.78304,-261.8496,-85.15584
03/06/2018,0.0,0.0,0.0,0.0,0.0,0.0,0.2,0.0,0.0,0.0,-7.3,-11.8,-10.3,-13.0,22.15,20.9,20.3,20.1,-239.193888,-248.75712000000001,-80.898048
04/06/2018,0.0,0.0,0.0,0.0,0.0,0.0,0.0,0.0,0.0,0.0,-7.3,-11.9,-10.2,-13.0,21.0,20.05,20.1,21.0,-251.78304,-261.8496,-85.15584
05/06/2018,0.2,0.2,0.2,0.0,0.0,0.0,0.0,3.2,0.2,1.8,-7.3,-11.7,-9.9,-13.0,20.7,19.0,19.4,19.9,-251.78304,-261.8496,-85.15584
06/06/2018,0.0,0.0,0.0,0.0,0.0,0.0,0.0,0.0,0.0,0.2,-7.3,-11.6,-9.8,-13.0,21.55,19.85,19.5,19.95,-251.78304,-261.8496,-85.15584
07/06/2018,0.0,0.0,0.6,0.0,0.0,0.0,0.0,0.0,0.0,0.0,-7.3,-11.5,-9.7,-13.0,22.2,21.15,21.15,21.45,-251.78304,-261.8496,-85.15584
08/06/2018,3.6,3.0,2.0,1.4,2.8,2.8,2.8,2.4,2.4,3.6,-7.3,-11.6,-9.7,-13.0,19.65,18.9,19.1,20.15,-251.78304,-261.8496,-85.15584
09/06/2018,10.6,0.2,3.0,0.2,0.0,1.6,0.2,3.2,0.8,1.0,-7.3,-11.6,-9.8,-13.0,20.55,18.45,19.1,19.25,-251.78304,-261.8496,-85.15584
10/06/2018,0.0,0.0,0.0,0.0,0.0,0.0,0.0,0.0,0.0,0.0,-7.3,-11.7,-9.6,-13.0,22.35,20.4,20.85,20.25,-239.193888,-248.75712000000001,-80.898048
11/06/2018,0.0,0.0,0.0,0.0,0.0,0.0,0.0,0.0,0.0,0.0,-7.3,-11.6,-10.2,-13.1,24.35,22.15,22.5,21.6,-251.78304,-261.8496,-85.15584
12/06/2018,0.0,0.0,0.0,0.0,0.0,0.0,0.0,0.0,0.0,0.0,-7.3,-11.7,-9.7,-13.0,22.0,20.6,21.15,21.4,-251.78304,-261.8496,-85.15584
13/06/2018,0.6,0.2,0.2,0.8,6.0,0.0,1.0,0.0,0.2,0.4,-7.3,-11.6,-9.7,-13.0,18.4,18.85,18.4,18.95,-251.78304,-261.8496,-85.15584
14/06/2018,2.4,2.0,0.4,1.4,11.2,2.0,2.6,0.6,2.6,1.0,-7.3,-11.6,-9.8,-13.1,20.7,19.85,20.0,20.0,-251.78304,-261.8496,-85.15584
15/06/2018,0.8,0.0,1.0,1.0,0.0,0.0,1.8,1.2,0.4,0.2,-7.3,-11.7,-9.7,-13.1,20.5,19.45,19.4,18.3,-251.78304,-261.8496,-85.15584
16/06/2018,0.0,0.0,0.0,0.0,0.0,0.0,0.0,0.0,0.0,0.0,-7.3,-11.5,-10.1,-13.1,22.55,21.0,20.85,19.4,-251.78304,-261.8496,-85.15584
17/06/2018,0.0,0.0,0.0,0.0,0.0,0.0,0.0,0.0,0.0,0.0,-7.3,-11.6,-9.4,-13.0,23.9,22.4,22.55,20.7,-239.193888,-248.75712000000001,-80.898048
18/06/2018,0.0,0.0,0.0,0.0,20.4,0.0,0.8,0.0,0.0,3.8,-7.3,-11.5,-10.0,-13.0,23.6,23.35,22.65,21.3,-251.78304,-261.8496,-85.15584
19/06/2018,0.0,0.0,0.0,0.0,0.0,0.0,0.0,0.0,0.0,0.0,-7.3,-11.5,-9.9,-13.1,24.95,23.5,24.0,21.75,-251.78304,-261.8496,-85.15584
20/06/2018,0.0,0.0,0.0,0.0,0.0,0.0,0.0,0.0,0.0,0.0,-7.3,-11.4,-9.5,-13.0,25.45,23.15,24.2,22.35,-251.78304,-261.8496,-85.15584
21/06/2018,0.0,2.2,0.0,6.0,0.6,0.0,0.0,0.2,0.2,0.0,-7.3,-11.4,-9.9,-13.1,24.25,23.5,22.45,22.55,-251.78304,-261.8496,-85.15584
22/06/2018,0.0,19.4,0.0,0.0,1.4,1.0,6.8,12.4,0.2,0.4,-7.3,-11.4,-9.8,-13.1,22.75,22.7,21.6,21.8,-251.78304,-261.8496,-85.15584
23/06/2018,0.0,0.0,0.0,10.0,0.8,0.0,0.6,0.0,8.0,7.4,-7.3,-11.5,-9.9,-13.0,21.15,20.65,20.25,19.45,-251.78304,-261.8496,-85.15584
24/06/2018,0.0,0.0,0.0,0.0,0.0,0.0,0.0,0.0,0.0,0.0,-7.3,-11.8,-10.3,-13.0,21.3,20.3,19.8,18.05,-239.193888,-248.75712000000001,-80.898048
25/06/2018,0.0,0.0,0.0,0.0,0.0,0.0,0.0,0.0,0.0,0.0,-7.3,-11.6,-10.4,-13.0,21.0,19.45,19.55,19.05,-251.78304,-261.8496,-85.15584
26/06/2018,16.4,4.0,6.0,18.6,6.4,8.4,9.8,13.4,8.2,9.8,-7.3,-11.7,-11.0,-13.0,19.35,18.35,17.7,18.8,-251.78304,-261.8496,-85.15584
27/06/2018,0.0,0.0,0.0,0.0,0.0,0.0,0.0,0.0,0.0,0.0,-7.3,-11.7,-10.0,-12.9,21.55,20.8,20.05,18.85,-251.78304,-261.8496,-85.15584
28/06/2018,4.8,5.4,20.8,9.2,2.8,4.6,4.0,11.6,4.4,0.0,-7.3,-11.6,-10.1,-12.9,21.45,19.6,19.55,20.0,-251.78304,-261.8496,-85.15584
29/06/2018,0.0,0.0,0.0,0.0,0.0,0.0,0.0,0.0,0.2,0.0,-7.3,-11.7,-10.0,-12.9,22.45,21.1,20.9,21.2,-251.78304,-261.8496,-85.15584
30/06/2018,0.0,0.0,0.0,0.0,0.0,0.0,0.0,0.2,0.0,0.0,-7.3,-11.7,-9.8,-13.0,25.55,23.05,23.9,23.5,-251.78304,-261.8496,-85.15584
01/07/2018,0.0,0.0,0.0,0.0,0.0,0.0,0.0,0.0,0.0,0.0,-7.3,-11.8,-10.1,-12.9,24.85,24.0,23.0,22.8,-188.8207267,-189.9097174,-184.8439892
02/07/2018,0.0,0.0,0.0,0.0,0.0,0.0,0.0,0.0,0.0,0.0,-7.3,-11.7,-10.1,-12.9,25.4,24.1,22.7,22.4,-198.75865969999998,-199.9049657,-194.5726202
03/07/2018,0.0,0.0,0.0,0.0,0.0,0.0,0.0,0.0,0.0,0.0,-7.4,-11.6,-10.0,-12.9,26.0,24.5,23.85,24.9,-198.75865969999998,-199.9049657,-194.5726202
04/07/2018,0.0,0.0,0.0,0.0,0.0,0.0,0.0,0.0,0.0,0.0,-7.4,-11.6,-9.9,-12.9,24.9,23.4,23.5,23.95,-198.75865969999998,-199.9049657,-194.5726202
05/07/2018,0.0,0.0,0.0,0.0,0.0,0.0,0.0,0.0,0.0,0.0,-7.4,-11.6,-10.0,-12.9,24.25,23.75,23.0,23.7,-198.75865969999998,-199.9049657,-194.5726202
06/07/2018,0.0,0.0,0.0,0.0,0.0,0.0,0.0,0.0,0.0,0.0,-7.4,-11.6,-9.9,-12.9,24.3,23.05,23.35,24.0,-198.75865969999998,-199.9049657,-194.5726202
07/07/2018,0.0,0.0,0.0,0.0,0.2,0.0,0.0,0.2,0.2,0.0,-7.4,-11.6,-10.1,-12.9,24.75,24.45,24.1,23.85,-198.75865969999998,-199.9049657,-194.5726202
08/07/2018,1.4,14.2,1.6,24.6,14.0,7.4,15.2,0.4,10.0,8.6,-7.4,-11.7,-10.0,-12.9,24.5,23.8,23.4,23.3,-188.8207267,-189.9097174,-184.8439892
09/07/2018,0.0,0.0,3.0,3.2,0.0,0.0,0.0,0.0,0.2,0.2,-7.4,-11.8,-10.1,-13.0,26.25,23.45,23.85,23.05,-198.75865969999998,-199.9049657,-194.5726202
10/07/2018,0.0,0.0,0.0,0.0,0.0,0.0,0.0,0.0,0.0,0.0,-7.4,-11.7,-9.8,-13.0,24.9,23.75,23.35,23.1,-198.75865969999998,-199.9049657,-194.5726202
11/07/2018,0.2,0.0,0.4,0.0,0.0,0.0,0.0,0.0,0.0,0.0,-7.4,-11.7,-9.8,-12.9,24.3,23.6,23.4,23.55,-198.75865969999998,-199.9049657,-194.5726202
12/07/2018,0.0,0.0,0.0,0.0,0.0,0.0,0.0,0.0,0.0,0.0,-7.4,-11.3,-9.8,-13.0,24.3,23.05,22.75,23.75,-198.75865969999998,-199.9049657,-194.5726202
13/07/2018,0.0,0.0,0.0,0.0,0.0,0.0,0.0,0.0,0.0,0.0,-7.4,-11.3,-10.1,-13.0,25.45,23.65,23.1,23.8,-198.75865969999998,-199.9049657,-194.5726202
14/07/2018,0.0,0.0,0.0,0.0,0.0,0.0,0.0,0.0,0.0,0.0,-7.4,-11.6,-10.3,-12.9,26.15,24.95,24.55,24.3,-198.75865969999998,-199.9049657,-194.5726202
15/07/2018,0.0,0.0,0.0,0.0,0.0,0.0,0.0,0.0,0.0,0.0,-7.4,-11.6,-10.4,-12.9,27.35,24.85,24.7,25.0,-188.8207267,-189.9097174,-184.8439892
16/07/2018,0.0,0.0,0.0,0.0,0.0,0.0,0.0,0.0,0.0,0.0,-7.4,-11.8,-9.9,-12.9,22.75,22.25,22.0,23.15,-198.75865969999998,-199.9049657,-194.5726202
17/07/2018,11.4,2.6,9.2,12.4,68.6,14.4,13.0,5.0,15.4,7.0,-7.4,-11.9,-9.9,-12.9,23.45,22.05,22.0,23.65,-198.75865969999998,-199.9049657,-194.5726202
18/07/2018,0.0,0.0,0.0,0.0,0.0,0.0,0.0,0.0,0.0,0.0,-7.4,-11.7,-10.3,-12.9,26.2,24.3,23.7,24.6,-198.75865969999998,-199.9049657,-194.5726202
19/07/2018,0.0,0.0,0.0,0.0,0.0,0.0,0.0,0.0,0.0,0.0,-7.4,-11.7,-10.0,-12.9,25.3,24.55,23.7,23.4,-198.75865969999998,-199.9049657,-194.5726202
20/07/2018,0.0,0.0,0.0,0.0,0.0,0.0,0.0,0.0,0.0,0.0,-7.4,-11.6,-10.2,-12.9,25.65,23.85,24.25,23.75,-198.75865969999998,-199.9049657,-194.5726202
21/07/2018,0.0,0.0,0.0,0.0,0.0,0.0,0.0,0.0,0.0,0.0,-7.4,-11.6,-10.3,-12.9,24.1,23.55,22.65,22.9,-198.75865969999998,-199.9049657,-194.5726202
22/07/2018,0.0,0.0,0.0,0.0,0.0,0.0,0.0,1.4,0.4,0.0,-7.4,-11.7,-9.9,-13.0,24.5,22.9,23.25,24.0,-188.8207267,-189.9097174,-184.8439892
23/07/2018,2.8,0.8,1.6,2.4,2.8,1.4,2.4,1.4,3.2,1.4,-7.4,-11.7,-10.0,-13.1,24.15,23.25,22.5,24.9,-198.75865969999998,-199.9049657,-194.5726202
24/07/2018,0.0,0.0,0.0,0.0,0.0,0.0,0.0,0.0,0.0,0.0,-7.4,-11.6,-10.6,-13.0,27.35,24.15,25.0,24.3,-198.75865969999998,-199.9049657,-194.5726202
25/07/2018,0.0,0.0,0.0,0.0,0.0,0.0,0.0,0.0,0.0,0.0,-7.4,-11.8,-10.5,-12.9,26.25,24.5,24.95,24.3,-198.75865969999998,-199.9049657,-194.5726202
26/07/2018,16.8,4.8,1.2,1.0,24.8,3.0,56.0,0.0,6.6,0.2,-7.4,-11.8,-9.9,-12.9,26.15,25.95,24.35,25.0,-198.75865969999998,-199.9049657,-194.5726202
27/07/2018,7.4,0.0,0.0,2.0,0.0,1.0,0.4,0.2,0.2,0.0,-7.4,-11.6,-10.5,-13.0,26.85,25.0,24.65,24.85,-198.75865969999998,-199.9049657,-194.5726202
28/07/2018,0.0,0.0,0.0,0.0,0.2,13.4,1.6,1.0,0.2,0.0,-7.4,-11.6,-10.2,-13.0,25.15,24.4,24.05,24.35,-198.75865969999998,-199.9049657,-194.5726202
29/07/2018,0.0,0.0,0.0,0.0,0.0,0.0,0.0,0.0,0.0,0.0,-7.4,-11.9,-10.0,-13.0,26.6,25.0,24.15,24.55,-188.8207267,-189.9097174,-184.8439892
30/07/2018,0.0,0.0,0.0,0.0,0.0,0.0,0.0,0.0,0.0,0.0,-7.4,-11.7,-10.2,-13.0,28.8,27.0,26.75,28.05,-198.75865969999998,-199.9049657,-194.5726202
31/07/2018,0.0,0.0,0.0,0.0,0.0,0.0,0.0,0.0,0.0,0.0,-7.4,-11.6,-10.4,-12.9,30.5,28.9,29.15,27.85,-198.75865969999998,-199.9049657,-194.5726202
01/08/2018,0.0,0.0,0.0,0.0,0.4,0.0,0.0,0.0,0.0,2.8,-7.4,-11.5,-9.9,-13.0,29.75,29.8,28.45,27.4,-185.9380146,-182.87041000000002,-164.71382309999998
02/08/2018,0.0,0.0,1.0,0.0,0.0,0.0,0.0,0.0,0.0,0.0,-7.4,-11.5,-10.0,-12.9,29.2,27.15,28.5,28.5,-185.9380146,-182.87041000000002,-164.71382309999998
03/08/2018,3.8,0.6,25.4,0.6,0.0,8.2,6.2,1.0,2.0,1.2,-7.4,-11.5,-10.4,-13.0,27.0,26.3,26.05,25.85,-185.9380146,-182.87041000000002,-164.71382309999998
04/08/2018,0.2,0.0,0.0,0.0,0.0,0.0,0.0,0.0,0.0,0.0,-7.4,-11.7,-10.0,-13.0,28.1,27.3,27.35,26.85,-185.9380146,-182.87041000000002,-164.71382309999998
05/08/2018,0.0,23.0,18.6,4.2,7.0,10.2,2.0,8.4,1.0,1.4,-7.4,-11.8,-10.0,-13.0,28.1,27.55,27.4,27.1,-176.6411138,-173.7268895,-156.47813190000002
06/08/2018,0.6,0.0,0.0,0.0,0.0,0.0,0.0,0.0,0.0,0.0,-7.4,-11.5,-10.4,-13.1,28.45,27.45,26.8,26.7,-185.9380146,-182.87041000000002,-164.71382309999998
07/08/2018,0.2,0.0,0.0,0.0,0.0,0.0,0.0,0.0,0.0,0.0,-7.4,-11.6,-10.2,-13.0,28.6,26.05,26.25,27.1,-185.9380146,-182.87041000000002,-164.71382309999998
12/09/2018,0.0,0.0,0.0,0.0,0.0,0.0,0.0,0.0,0.0,0.0,-7.5,-11.3,-9.8,-13.0,25.95,24.7,24.25,23.6,-209.80607999999998,-176.90592,-168.40704
13/09/2018,0.0,0.0,0.0,0.0,0.0,0.0,0.0,0.0,0.0,0.0,-7.5,-11.3,-10.1,-13.0,21.15,20.3,20.4,20.55,-209.80607999999998,-176.90592,-168.40704
14/09/2018,0.0,0.0,0.0,0.0,0.0,0.0,0.0,0.0,0.0,0.0,-7.5,-11.5,-10.6,-13.1,25.0,22.85,22.75,23.85,-209.80607999999998,-176.90592,-168.40704
15/09/2018,0.2,0.0,0.0,0.0,0.0,9.2,16.8,0.0,9.0,0.0,-7.5,-11.4,-10.3,-13.0,24.05,22.55,21.35,22.55,-209.80607999999998,-176.90592,-168.40704
16/09/2018,0.0,0.0,0.0,0.0,0.2,0.0,0.0,0.0,0.0,0.0,-7.5,-11.3,-10.4,-13.0,24.25,22.15,22.4,23.15,-199.315776,-168.060624,-159.986688
17/09/2018,0.0,0.0,0.0,3.2,0.0,2.4,0.2,0.8,1.0,0.0,-7.5,-11.6,-9.9,-13.0,23.9,21.75,21.4,22.8,-209.80607999999998,-176.90592,-168.40704
18/09/2018,0.4,3.6,0.8,8.2,0.0,0.0,10.6,0.8,2.6,45.0,-7.5,-11.4,-10.5,-13.1,22.2,21.9,21.95,22.15,-209.80607999999998,-176.90592,-168.40704
19/09/2018,9.8,0.4,0.4,0.0,0.0,9.6,21.0,24.6,2.0,0.4,-7.5,-11.4,-9.8,-13.0,23.75,22.6,21.7,22.7,-209.80607999999998,-176.90592,-168.40704
20/09/2018,0.0,6.6,0.0,0.0,0.2,2.2,0.6,0.0,0.2,0.2,-7.5,-11.4,-10.4,-13.1,23.55,23.35,23.15,22.0,-209.80607999999998,-176.90592,-168.40704
21/09/2018,0.0,0.0,0.0,0.0,0.0,0.0,0.2,0.0,0.0,0.2,-7.5,-11.3,-9.7,-13.0,24.5,23.25,23.25,22.55,-209.80607999999998,-176.90592,-168.40704
22/09/2018,0.0,0.0,0.0,0.2,0.2,0.0,0.0,0.2,0.2,0.0,-7.5,-11.4,-10.4,-13.1,22.6,22.3,21.7,23.0,-209.80607999999998,-176.90592,-168.40704
23/09/2018,0.2,0.0,0.0,0.2,0.2,0.0,0.2,0.0,0.2,0.0,-7.5,-11.7,-9.9,-13.0,22.45,21.55,21.1,22.15,-199.315776,-168.060624,-159.986688
24/09/2018,0.0,0.0,0.0,0.0,0.0,0.2,0.0,0.0,0.0,0.0,-7.5,-11.4,-10.0,-13.0,22.35,21.6,21.15,23.35,-209.80607999999998,-176.90592,-168.40704
25/09/2018,0.0,0.0,0.0,0.0,0.0,0.0,0.0,0.0,0.0,0.0,-7.5,-11.6,-10.0,-13.0,16.7,14.85,16.25,18.0,-209.80607999999998,-176.90592,-168.40704
26/09/2018,0.0,0.0,0.0,0.0,0.0,0.0,0.0,0.0,0.0,0.0,-7.6,-11.2,-10.4,-13.1,14.45,13.4,14.35,13.35,-209.80607999999998,-176.90592,-168.40704
27/09/2018,0.0,0.0,0.0,0.0,0.0,0.0,0.0,0.0,0.0,0.0,-7.6,-11.3,-10.3,-13.0,18.25,17.25,16.65,15.0,-209.80607999999998,-176.90592,-168.40704
28/09/2018,0.0,0.0,0.0,0.0,0.0,0.0,0.0,0.0,0.0,0.0,-7.6,-11.4,-10.0,-13.0,20.85,19.4,20.35,17.15,-209.80607999999998,-176.90592,-168.40704
29/09/2018,0.0,0.0,0.0,0.0,0.0,0.0,0.0,0.0,0.0,0.0,-7.6,-11.2,-10.2,-13.1,20.95,20.85,20.95,17.3,-209.80607999999998,-176.90592,-168.40704
30/09/2018,0.0,0.0,0.0,0.0,0.0,0.0,0.0,0.0,0.0,0.0,-7.6,-11.3,-9.7,-13.0,19.8,19.5,18.9,17.3,-199.315776,-168.060624,-159.986688
01/10/2018,4.8,2.0,4.6,6.0,8.4,4.2,5.6,5.6,8.0,4.2,-7.6,-11.3,-10.3,-13.1,17.55,16.5,17.3,17.15,-200.7258106,-194.0376774,-145.845891
02/10/2018,40.4,7.4,48.2,21.8,14.6,35.8,15.6,23.0,28.2,2.8,-7.6,-11.3,-9.8,-13.0,13.85,12.35,13.05,13.3,-200.7258106,-194.0376774,-145.845891
03/10/2018,0.2,0.0,0.0,0.0,0.0,0.0,0.2,1.2,0.0,0.2,-7.6,-11.4,-10.0,-13.1,17.1,15.95,16.0,14.8,-200.7258106,-194.0376774,-145.845891
04/10/2018,0.0,0.0,0.0,0.0,0.0,0.0,0.0,0.0,0.0,0.0,-7.6,-11.2,-9.8,-13.0,19.75,16.95,18.85,19.1,-200.7258106,-194.0376774,-145.845891
05/10/2018,0.0,0.0,0.0,0.0,0.0,0.0,0.0,0.0,0.0,0.0,-7.6,-11.2,-10.1,-13.0,17.55,16.1,16.6,15.45,-200.7258106,-194.0376774,-145.845891
06/10/2018,1.0,0.4,0.8,4.4,5.2,1.2,1.8,0.4,1.6,1.6,-7.6,-11.5,-9.8,-13.0,15.15,13.9,14.2,15.95,-200.7258106,-194.0376774,-145.845891
07/10/2018,6.6,6.8,12.4,13.6,11.6,5.2,12.4,7.6,6.4,9.4,-7.6,-11.2,-10.3,-13.1,18.45,17.15,17.7,18.35,-190.68952009999998,-184.3357935,-138.5535964
08/10/2018,0.0,0.0,0.0,0.2,0.2,0.2,0.2,0.0,0.2,0.2,-7.6,-11.5,-9.8,-13.0,19.05,18.45,17.3,17.8,-200.7258106,-194.0376774,-145.845891
09/10/2018,0.2,20.4,0.0,0.2,0.2,0.2,0.4,0.4,0.2,0.2,-7.6,-11.2,-10.5,-13.1,19.05,17.65,17.5,17.3,-200.7258106,-194.0376774,-145.845891
10/10/2018,0.0,0.0,0.0,0.0,0.0,0.0,0.2,0.0,0.0,0.2,-7.6,-11.0,-10.2,-13.1,19.8,18.35,18.15,17.85,-200.7258106,-194.0376774,-145.845891
11/10/2018,0.6,0.4,0.6,1.8,0.4,0.6,0.4,0.6,1.0,0.8,-7.6,-11.2,-10.2,-13.0,18.05,17.0,16.65,18.1,-200.7258106,-194.0376774,-145.845891
12/10/2018,0.2,0.0,0.8,0.4,0.2,0.0,0.2,0.2,0.6,0.0,-7.6,-11.2,-10.2,-13.0,19.85,19.05,19.2,18.5,-200.7258106,-194.0376774,-145.845891
13/10/2018,0.0,0.0,0.0,0.0,0.0,0.0,0.2,0.0,0.0,0.0,-7.6,-11.3,-10.2,-13.0,19.2,17.35,18.35,16.15,-200.7258106,-194.0376774,-145.845891
14/10/2018,0.0,0.0,0.0,0.0,0.0,0.0,0.2,0.0,0.0,0.0,-7.6,-11.2,-9.6,-13.0,18.45,17.25,16.75,15.8,-190.68952009999998,-184.3357935,-138.5535964
15/10/2018,0.0,0.0,0.0,0.0,0.0,0.0,0.2,0.2,0.0,0.0,-7.6,-11.3,-9.7,-13.0,17.85,17.75,17.45,15.95,-200.7258106,-194.0376774,-145.845891
16/10/2018,0.0,0.0,0.0,0.0,0.0,0.0,0.0,0.0,0.0,0.0,-7.6,-11.2,-10.0,-13.0,17.6,16.05,16.7,17.55,-200.7258106,-194.0376774,-145.845891
17/10/2018,0.4,0.0,0.2,0.2,0.2,0.0,0.2,0.2,0.2,0.0,-7.6,-11.5,-9.8,-13.0,19.3,17.2,18.1,18.85,-200.7258106,-194.0376774,-145.845891
18/10/2018,0.0,0.4,0.0,0.0,0.0,0.2,0.2,0.2,0.0,0.4,-7.6,-11.3,-10.0,-13.0,19.5,18.5,19.15,18.75,-200.7258106,-194.0376774,-145.845891
19/10/2018,0.0,0.0,0.0,0.0,0.0,0.0,0.2,0.0,0.0,0.0,-7.6,-11.1,-10.0,-13.0,20.45,18.45,19.2,17.95,-200.7258106,-194.0376774,-145.845891
20/10/2018,0.0,0.0,0.0,0.0,0.0,0.0,0.2,0.0,0.0,0.0,-7.7,-11.3,-9.7,-13.0,19.9,19.15,18.55,16.65,-200.7258106,-194.0376774,-145.845891
21/10/2018,0.0,0.0,0.0,0.0,0.0,0.0,0.2,0.0,0.0,0.0,-7.7,-11.1,-9.7,-13.0,16.3,14.95,15.7,14.4,-190.68952009999998,-184.3357935,-138.5535964
22/10/2018,0.0,0.0,0.0,0.0,0.0,0.0,0.0,0.0,0.0,0.0,-7.7,-11.3,-10.1,-13.0,12.2,10.85,11.25,11.7,-200.7258106,-194.0376774,-145.845891
23/10/2018,0.0,0.0,0.0,0.0,0.0,0.0,0.0,0.0,0.0,0.0,-7.7,-11.5,-10.2,-13.0,14.45,13.5,14.0,13.1,-200.7258106,-194.0376774,-145.845891
24/10/2018,0.0,0.0,0.0,0.0,0.0,0.0,0.0,0.0,0.0,0.0,-7.6,-11.1,-10.1,-4.6,16.0,14.6,14.8,13.5,-200.7258106,-194.0376774,-145.845891
25/10/2018,0.2,0.0,0.0,0.2,0.2,0.0,0.2,0.2,0.2,0.0,-7.6,-11.1,-9.8,0.0,16.7,17.05,16.0,16.1,-200.7258106,-194.0376774,-145.845891
26/10/2018,0.0,0.0,0.0,0.2,0.0,0.2,0.0,0.0,0.2,0.0,-7.6,-11.0,-10.2,0.0,17.0,18.4,17.3,16.75,-200.7258106,-194.0376774,-145.845891
27/10/2018,0.0,0.0,0.0,0.2,1.2,0.0,0.2,0.0,0.4,0.0,-7.6,-11.3,-9.4,0.0,18.3,18.05,17.7,19.15,-200.7258106,-194.0376774,-145.845891
28/10/2018,0.6,3.2,16.4,0.4,1.2,1.2,5.2,20.6,0.4,9.0,-7.6,-11.4,-9.5,0.0,16.7,16.6,16.2,17.15,-190.68952009999998,-184.3357935,-138.5535964
29/10/2018,50.6,24.2,42.8,38.8,36.0,35.6,36.2,48.8,62.2,34.4,-7.6,-10.7,-10.2,-10.2,16.1,15.45,14.6,17.2,-200.7258106,-194.0376774,-145.845891
30/10/2018,27.0,16.4,21.0,19.8,29.2,22.6,31.4,19.0,32.6,11.6,-7.6,-11.4,-9.7,-12.8,12.2,11.5,11.4,13.75,-200.7258106,-194.0376774,-145.845891
31/10/2018,2.2,3.6,1.6,1.4,2.2,8.2,2.8,2.4,12.8,0.2,-7.6,-11.3,-10.0,-12.7,12.25,11.85,11.35,12.3,-200.7258106,-194.0376774,-145.845891
01/11/2018,39.4,34.0,33.8,39.2,31.0,32.2,36.4,18.2,38.4,25.6,-7.6,-11.1,-10.2,-12.7,14.55,14.15,13.25,15.7,-170.29152,-163.36512,-164.92608
02/11/2018,9.2,22.6,7.4,8.4,24.2,11.2,15.8,6.2,9.4,6.8,-7.6,-11.3,-10.6,-12.7,14.85,13.8,13.9,15.45,-170.29152,-163.36512,-164.92608
03/11/2018,1.4,0.0,3.8,4.4,1.0,0.4,0.4,0.8,1.4,0.0,-7.6,-11.4,-9.8,-12.8,17.35,15.95,15.45,16.75,-170.29152,-163.36512,-164.92608
04/11/2018,0.2,0.0,0.0,0.2,0.0,0.0,0.0,0.0,0.2,0.0,-7.6,-11.4,-10.0,-12.8,14.9,14.5,14.55,15.55,-161.776944,-155.19686399999998,-156.679776
05/11/2018,0.4,0.6,0.6,0.6,0.6,0.8,0.4,0.2,1.2,0.6,-7.6,-11.5,-10.0,-12.8,15.35,15.2,14.35,14.65,-170.29152,-163.36512,-164.92608
06/11/2018,4.6,2.2,3.4,6.6,6.2,3.8,3.0,1.2,4.4,3.4,-7.6,-11.3,-10.2,-12.7,14.75,15.0,14.4,15.7,-170.29152,-163.36512,-164.92608
07/11/2018,8.6,5.4,5.6,10.8,3.8,3.8,5.2,4.8,5.4,5.8,-7.6,-11.5,-10.0,-12.7,13.45,13.45,12.6,14.75,-170.29152,-163.36512,-164.92608
08/11/2018,0.6,0.8,0.6,1.8,0.4,0.2,0.2,0.2,0.2,1.8,-7.6,-11.2,-10.4,-12.7,12.95,13.6,12.15,13.2,-170.29152,-163.36512,-164.92608
09/11/2018,0.2,0.0,0.4,0.4,0.2,0.2,0.4,0.4,0.4,0.2,-7.6,-11.3,-9.9,-12.8,13.15,13.25,12.45,11.75,-170.29152,-163.36512,-164.92608
10/11/2018,0.2,0.0,0.2,0.4,0.4,0.4,0.4,0.2,0.2,0.2,-7.6,-11.5,-10.5,-12.7,14.0,13.85,12.8,13.05,-170.29152,-163.36512,-164.92608
11/11/2018,0.2,0.0,0.0,0.2,0.2,0.0,0.2,0.2,0.4,0.2,-7.6,-11.4,-9.8,-12.8,13.6,14.2,13.5,12.5,-161.776944,-155.19686399999998,-156.679776
12/11/2018,0.2,0.2,0.2,0.4,0.4,0.6,0.4,0.4,0.4,0.4,-7.6,-11.4,-10.2,-12.7,14.2,14.35,13.85,13.2,-170.29152,-163.36512,-164.92608
13/11/2018,0.4,0.0,0.4,0.4,0.2,0.2,0.4,0.4,0.2,0.2,-7.6,-11.4,-9.8,-12.8,12.4,13.2,12.25,10.9,-170.29152,-163.36512,-164.92608
14/11/2018,0.2,0.4,0.2,0.4,0.4,0.4,0.2,0.2,0.4,0.2,-7.6,-11.2,-10.3,-12.7,12.3,12.75,11.4,11.65,-170.29152,-163.36512,-164.92608
15/11/2018,0.2,0.0,0.2,0.0,0.2,0.2,0.4,0.2,0.2,0.4,-7.7,-11.2,-9.7,-12.8,13.15,11.85,12.1,10.95,-170.29152,-163.36512,-164.92608
16/11/2018,0.0,0.0,0.0,0.0,0.0,0.0,0.2,0.0,0.0,0.0,-7.7,-11.2,-10.0,-12.7,10.25,8.85,9.35,9.65,-170.29152,-163.36512,-164.92608
17/11/2018,0.0,0.0,0.0,0.0,0.0,0.0,0.0,0.0,0.0,0.0,-7.6,-11.5,-9.6,-12.7,7.9,6.45,7.65,7.8,-170.29152,-163.36512,-164.92608
18/11/2018,0.0,0.0,0.0,0.0,0.0,0.0,0.0,0.0,0.0,0.0,-7.6,-11.3,-10.4,-12.8,6.2,4.9,5.6,4.85,-161.776944,-155.19686399999998,-156.679776
19/11/2018,0.0,0.0,0.0,0.0,0.0,0.0,0.2,0.2,0.0,0.0,-7.6,-11.6,-9.8,-12.7,4.9,3.55,3.45,3.3,-170.29152,-163.36512,-164.92608
20/11/2018,7.8,8.2,5.0,6.4,10.2,7.8,8.6,5.6,8.4,8.0,-7.6,-11.2,-9.8,-12.8,5.4,4.4,4.3,7.1,-170.29152,-163.36512,-164.92608
21/11/2018,6.2,5.2,5.0,4.6,7.6,6.4,5.6,4.6,6.0,9.0,-7.6,-11.2,-10.4,-12.7,7.75,7.15,6.6,7.5,-170.29152,-163.36512,-164.92608
22/11/2018,2.0,2.0,4.0,3.8,5.2,2.2,3.4,1.8,3.6,3.2,-7.7,-11.3,-10.1,-12.7,9.5,10.9,9.55,9.45,-170.29152,-163.36512,-164.92608
23/11/2018,3.4,2.2,3.8,5.0,3.6,3.4,4.6,3.6,5.8,2.0,-7.7,-11.4,-10.1,-12.7,10.9,11.4,10.4,9.85,-170.29152,-163.36512,-164.92608
24/11/2018,8.2,3.6,1.6,10.0,2.4,5.2,3.2,1.4,3.6,1.0,-7.7,-11.3,-9.7,-12.7,14.2,13.95,13.3,13.4,-170.29152,-163.36512,-164.92608
25/11/2018,13.6,11.6,12.2,23.8,13.0,19.0,11.4,12.6,12.6,8.4,-7.6,-11.4,-9.7,-12.7,10.3,9.8,9.45,10.25,-161.776944,-155.19686399999998,-156.679776
26/11/2018,9.4,7.2,11.2,12.6,14.0,8.6,10.2,14.2,14.0,8.6,-7.6,-11.5,-9.8,-12.7,8.15,8.5,9.25,10.35,-170.29152,-163.36512,-164.92608
27/11/2018,5.2,2.6,5.6,2.0,5.4,4.0,2.6,6.0,3.0,5.6,-7.6,-11.2,-10.2,-12.8,9.0,8.05,8.25,7.65,-170.29152,-163.36512,-164.92608
28/11/2018,0.0,0.0,0.0,0.0,0.0,0.0,0.2,0.0,0.0,0.2,-7.7,-11.2,-10.2,-12.7,7.55,6.7,6.95,6.1,-170.29152,-163.36512,-164.92608
29/11/2018,0.0,0.0,0.0,0.0,0.0,0.0,0.0,0.0,0.0,0.0,-7.7,-11.2,-10.2,-12.7,7.25,6.8,6.55,5.85,-170.29152,-163.36512,-164.92608
30/11/2018,0.0,0.0,0.0,0.0,0.0,0.0,0.2,0.0,0.0,0.2,-7.7,-11.0,-10.3,-12.7,6.5,6.15,5.0,4.2,-170.29152,-163.36512,-164.92608
01/12/2018,13.0,13.4,7.2,18.8,26.0,16.4,22.4,7.6,22.6,18.2,-7.7,-11.2,-10.5,-12.7,10.25,8.4,9.3,8.5,-156.4352466,-165.3710385,-129.8841041
02/12/2018,0.4,0.0,0.2,0.4,0.4,0.2,0.4,0.2,0.2,0.4,-7.6,-11.4,-10.0,-12.7,6.7,8.0,7.05,4.0,-148.6134843,-157.1024866,-123.3898989
03/12/2018,1.2,1.0,0.8,0.4,0.2,1.0,0.6,0.4,1.2,0.2,-7.6,-11.3,-9.4,-12.8,9.9,11.9,10.85,10.15,-156.4352466,-165.3710385,-129.8841041
04/12/2018,0.8,0.8,0.4,0.0,0.0,0.4,0.2,0.6,0.2,0.6,-7.6,-11.4,-10.0,-12.7,12.95,12.0,12.65,11.4,-156.4352466,-165.3710385,-129.8841041
05/12/2018,0.2,0.2,0.4,0.4,0.6,0.4,0.4,0.4,0.4,0.2,-7.7,-11.3,-9.6,-12.7,12.55,12.3,10.85,9.15,-156.4352466,-165.3710385,-129.8841041
06/12/2018,0.2,0.0,0.0,0.2,0.0,0.2,0.2,0.0,0.2,0.2,-7.7,-11.2,-9.6,-12.8,8.45,9.05,8.1,7.35,-156.4352466,-165.3710385,-129.8841041
07/12/2018,12.8,11.2,10.0,7.8,15.2,13.2,12.6,14.4,14.4,12.4,-7.7,-10.8,-10.2,-12.8,8.45,9.75,9.05,7.6,-156.4352466,-165.3710385,-129.8841041
08/12/2018,2.4,1.6,2.0,4.2,2.4,2.2,7.6,2.4,4.8,4.6,-7.6,-11.1,-10.3,-12.7,11.6,11.05,11.25,8.15,-156.4352466,-165.3710385,-129.8841041
09/12/2018,0.0,0.0,0.0,0.0,0.0,0.0,0.2,0.2,0.0,0.2,-7.6,-11.5,-9.8,-12.7,9.25,10.0,8.9,7.4,-148.6134843,-157.1024866,-123.3898989
10/12/2018,1.4,1.2,0.2,0.8,0.0,1.0,0.0,0.2,0.2,0.2,-7.6,-11.5,-9.8,-12.7,11.15,9.7,9.25,6.8,-156.4352466,-165.3710385,-129.8841041
11/12/2018,0.0,0.0,0.0,0.0,0.0,0.0,0.0,0.0,0.0,0.0,-7.7,-11.1,-9.7,-12.7,7.25,6.75,5.6,4.25,-156.4352466,-165.3710385,-129.8841041
12/12/2018,0.0,0.0,0.0,0.0,0.0,0.0,0.0,0.0,0.0,0.0,-7.6,-11.2,-10.3,-12.7,4.05,4.75,2.4,0.6,-156.4352466,-165.3710385,-129.8841041
13/12/2018,2.0,2.2,3.0,1.4,1.4,4.4,4.0,2.6,1.0,4.0,-7.7,-11.1,-10.4,-12.7,3.0,2.35,1.95,4.0,-156.4352466,-165.3710385,-129.8841041
14/12/2018,7.0,1.4,1.2,4.6,5.0,1.8,2.0,1.6,4.8,1.8,-7.6,-11.3,-10.2,-12.7,3.2,1.95,2.6,2.65,-156.4352466,-165.3710385,-129.8841041
15/12/2018,0.2,0.0,0.2,0.0,0.0,0.0,0.2,0.0,0.2,0.0,-7.7,-11.3,-9.7,-12.7,3.15,1.95,1.85,1.35,-156.4352466,-165.3710385,-129.8841041
16/12/2018,0.0,0.0,0.0,0.0,0.2,0.0,0.0,0.0,0.0,0.2,-7.7,-11.4,-9.6,-12.7,1.05,2.1,0.65,0.3,-148.6134843,-157.1024866,-123.3898989
17/12/2018,27.2,20.2,24.4,23.8,26.6,24.2,24.4,23.0,23.8,24.8,-7.6,-11.2,-9.7,-12.8,3.3,2.75,2.6,3.4,-156.4352466,-165.3710385,-129.8841041
18/12/2018,0.0,0.0,0.2,0.0,0.0,0.0,0.0,0.0,0.0,0.0,-7.6,-11.2,-10.2,-12.8,5.8,5.35,5.3,4.05,-156.4352466,-165.3710385,-129.8841041
19/12/2018,0.2,0.0,0.0,0.0,0.2,0.0,0.2,0.2,0.0,0.2,-7.6,-11.5,-9.4,-12.7,3.8,4.8,3.25,1.45,-156.4352466,-165.3710385,-129.8841041
20/12/2018,7.8,6.2,6.2,9.2,8.4,7.2,8.2,6.4,11.6,7.0,-7.6,-11.4,-9.7,-12.7,7.5,9.0,7.45,7.8,-156.4352466,-165.3710385,-129.8841041
21/12/2018,1.6,1.0,2.8,0.6,0.6,0.8,0.2,2.0,0.4,0.4,-7.7,-11.1,-10.2,-12.6,7.7,8.95,8.05,6.8,-156.4352466,-165.3710385,-129.8841041
22/12/2018,1.2,1.2,1.0,0.2,0.0,0.8,0.4,0.6,0.4,0.4,-7.6,-11.5,-10.1,-12.8,9.85,12.05,10.9,8.35,-156.4352466,-165.3710385,-129.8841041
23/12/2018,0.0,0.0,0.0,0.0,0.0,0.0,0.0,0.0,0.0,0.0,-7.6,-11.0,-10.0,-12.8,12.15,13.0,12.0,10.55,-148.6134843,-157.1024866,-123.3898989
24/12/2018,0.0,0.0,0.0,0.0,0.0,0.0,0.0,0.0,0.0,0.0,-7.6,-11.4,-10.6,-12.8,9.55,9.7,9.65,9.1,-156.4352466,-165.3710385,-129.8841041
25/12/2018,0.0,0.0,0.0,0.0,0.0,0.0,0.2,0.0,0.0,0.0,-7.6,-11.3,-10.2,-12.8,8.2,7.1,7.35,5.65,-156.4352466,-165.3710385,-129.8841041
26/12/2018,0.0,0.0,0.0,0.0,0.0,0.0,0.0,0.0,0.0,0.0,-7.6,-11.3,-9.9,-12.9,7.0,6.85,5.65,3.9,-156.4352466,-165.3710385,-129.8841041
27/12/2018,0.0,0.0,0.0,0.2,0.2,0.2,0.0,0.0,0.2,0.2,-7.6,-11.4,-9.9,-12.8,8.05,7.6,6.8,4.75,-156.4352466,-165.3710385,-129.8841041
28/12/2018,0.2,0.0,0.0,0.2,0.2,0.2,0.2,0.2,0.2,0.2,-7.6,-11.3,-10.2,-12.8,6.95,8.1,6.1,5.8,-156.4352466,-165.3710385,-129.8841041
29/12/2018,0.0,0.0,0.2,0.2,0.2,0.2,0.2,0.2,0.2,0.0,-7.6,-11.5,-10.0,-12.8,6.05,8.2,6.9,4.9,-156.4352466,-165.3710385,-129.8841041
30/12/2018,0.0,0.2,0.0,0.0,0.2,0.2,0.0,0.0,0.2,0.0,-7.6,-11.5,-9.6,-12.9,8.55,9.2,8.2,6.45,-148.6134843,-157.1024866,-123.3898989
31/12/2018,0.0,0.0,0.0,0.0,0.0,0.0,0.2,0.0,0.0,0.0,-7.6,-11.7,-8.6,-12.8,8.75,8.85,7.9,5.1,-156.4352466,-165.3710385,-129.8841041
